"Data Source","Indicadores del desarrollo mundial",

"Last Updated Date","2021-07-30",

"Country Name","Country Code","Indicator Name","Indicator Code","1960","1961","1962","1963","1964","1965","1966","1967","1968","1969","1970","1971","1972","1973","1974","1975","1976","1977","1978","1979","1980","1981","1982","1983","1984","1985","1986","1987","1988","1989","1990","1991","1992","1993","1994","1995","1996","1997","1998","1999","2000","2001","2002","2003","2004","2005","2006","2007","2008","2009","2010","2011","2012","2013","2014","2015","2016","2017","2018","2019","2020",
"Aruba","ABW","Cantidad de procedimientos quirúrgicos (por cada 100 000 habitantes)","SH.SGR.PROC.P5","","","","","","","","","","","","","","","","","","","","","","","","","","","","","","","","","","","","","","","","","","","","","","","","","","","","","","","","","","","","","",
"","AFE","Cantidad de procedimientos quirúrgicos (por cada 100 000 habitantes)","SH.SGR.PROC.P5","","","","","","","","","","","","","","","","","","","","","","","","","","","","","","","","","","","","","","","","","","","","","","","","","","","","","","","","","","","","","",
"Afganistán","AFG","Cantidad de procedimientos quirúrgicos (por cada 100 000 habitantes)","SH.SGR.PROC.P5","","","","","","","","","","","","","","","","","","","","","","","","","","","","","","","","","","","","","","","","","","","","","","","","","","","","","","","","","","","","","",
"","AFW","Cantidad de procedimientos quirúrgicos (por cada 100 000 habitantes)","SH.SGR.PROC.P5","","","","","","","","","","","","","","","","","","","","","","","","","","","","","","","","","","","","","","","","","","","","","","","","","","","","","","","","","","","","","",
"Angola","AGO","Cantidad de procedimientos quirúrgicos (por cada 100 000 habitantes)","SH.SGR.PROC.P5","","","","","","","","","","","","","","","","","","","","","","","","","","","","","","","","","","","","","","","","","","","","","","","","","","","","","","","","","","","","","",
"Albania","ALB","Cantidad de procedimientos quirúrgicos (por cada 100 000 habitantes)","SH.SGR.PROC.P5","","","","","","","","","","","","","","","","","","","","","","","","","","","","","","","","","","","","","","","","","","","","","","","","","","","","","","1900","","","","","","","",
"Andorra","AND","Cantidad de procedimientos quirúrgicos (por cada 100 000 habitantes)","SH.SGR.PROC.P5","","","","","","","","","","","","","","","","","","","","","","","","","","","","","","","","","","","","","","","","","","","","","","","","","","","","","","","5178","","","","","","",
"El mundo árabe","ARB","Cantidad de procedimientos quirúrgicos (por cada 100 000 habitantes)","SH.SGR.PROC.P5","","","","","","","","","","","","","","","","","","","","","","","","","","","","","","","","","","","","","","","","","","","","","","","","","","","","","","","","","","","","","",
"Emiratos Árabes Unidos","ARE","Cantidad de procedimientos quirúrgicos (por cada 100 000 habitantes)","SH.SGR.PROC.P5","","","","","","","","","","","","","","","","","","","","","","","","","","","","","","","","","","","","","","","","","","","","","","","","","","","","","","","","","","","","","",
"Argentina","ARG","Cantidad de procedimientos quirúrgicos (por cada 100 000 habitantes)","SH.SGR.PROC.P5","","","","","","","","","","","","","","","","","","","","","","","","","","","","","","","","","","","","","","","","","","","","","","","","","","","","","","","","","","","","","",
"Armenia","ARM","Cantidad de procedimientos quirúrgicos (por cada 100 000 habitantes)","SH.SGR.PROC.P5","","","","","","","","","","","","","","","","","","","","","","","","","","","","","","","","","","","","","","","","","","","","","","","","","","","","","","","","4198","","","","","",
"Samoa Americana","ASM","Cantidad de procedimientos quirúrgicos (por cada 100 000 habitantes)","SH.SGR.PROC.P5","","","","","","","","","","","","","","","","","","","","","","","","","","","","","","","","","","","","","","","","","","","","","","","","","","","","","","","","","","","","","",
"Antigua y Barbuda","ATG","Cantidad de procedimientos quirúrgicos (por cada 100 000 habitantes)","SH.SGR.PROC.P5","","","","","","","","","","","","","","","","","","","","","","","","","","","","","","","","","","","","","","","","","","","","","","","","","","","","","","","","","","","","","",
"Australia","AUS","Cantidad de procedimientos quirúrgicos (por cada 100 000 habitantes)","SH.SGR.PROC.P5","","","","","","","","","","","","","","","","","","","","","","","","","","","","","","","","","","","","","","","","","","","","","","","","","","","","","","","","28907","10156","","","","",
"Austria","AUT","Cantidad de procedimientos quirúrgicos (por cada 100 000 habitantes)","SH.SGR.PROC.P5","","","","","","","","","","","","","","","","","","","","","","","","","","","","","","","","","","","","","","","","","","","","","","","","","","","","","","","13795","","","","","","",
"Azerbaiyán","AZE","Cantidad de procedimientos quirúrgicos (por cada 100 000 habitantes)","SH.SGR.PROC.P5","","","","","","","","","","","","","","","","","","","","","","","","","","","","","","","","","","","","","","","","","","","","","","","","","","","","","","","","1842","","","","","",
"Burundi","BDI","Cantidad de procedimientos quirúrgicos (por cada 100 000 habitantes)","SH.SGR.PROC.P5","","","","","","","","","","","","","","","","","","","","","","","","","","","","","","","","","","","","","","","","","","","","","","","","","","","","","","","","","","","","","",
"Bélgica","BEL","Cantidad de procedimientos quirúrgicos (por cada 100 000 habitantes)","SH.SGR.PROC.P5","","","","","","","","","","","","","","","","","","","","","","","","","","","","","","","","","","","","","","","","","","","","","","","","","","","","","","20712","","","","","","","",
"Benin","BEN","Cantidad de procedimientos quirúrgicos (por cada 100 000 habitantes)","SH.SGR.PROC.P5","","","","","","","","","","","","","","","","","","","","","","","","","","","","","","","","","","","","","","","","","","","","","","","","","","","","","","","","","","","","","",
"Burkina Faso","BFA","Cantidad de procedimientos quirúrgicos (por cada 100 000 habitantes)","SH.SGR.PROC.P5","","","","","","","","","","","","","","","","","","","","","","","","","","","","","","","","","","","","","","","","","","","","","","","","","","","","","328","","","","","","","","",
"Bangladesh","BGD","Cantidad de procedimientos quirúrgicos (por cada 100 000 habitantes)","SH.SGR.PROC.P5","","","","","","","","","","","","","","","","","","","","","","","","","","","","","","","","","","","","","","","","","","","","","","","","","","","","161","","","","","","","","","",
"Bulgaria","BGR","Cantidad de procedimientos quirúrgicos (por cada 100 000 habitantes)","SH.SGR.PROC.P5","","","","","","","","","","","","","","","","","","","","","","","","","","","","","","","","","","","","","","","","","","","","","","","","","","","","","","","","","","","","","",
"Bahrein","BHR","Cantidad de procedimientos quirúrgicos (por cada 100 000 habitantes)","SH.SGR.PROC.P5","","","","","","","","","","","","","","","","","","","","","","","","","","","","","","","","","","","","","","","","","","","","","","","","","","","","","3899","","","","","","","","",
"Bahamas","BHS","Cantidad de procedimientos quirúrgicos (por cada 100 000 habitantes)","SH.SGR.PROC.P5","","","","","","","","","","","","","","","","","","","","","","","","","","","","","","","","","","","","","","","","","","","","","","","","","","","","","","","","","","","","","",
"Bosnia y Herzegovina","BIH","Cantidad de procedimientos quirúrgicos (por cada 100 000 habitantes)","SH.SGR.PROC.P5","","","","","","","","","","","","","","","","","","","","","","","","","","","","","","","","","","","","","","","","","","","","","","","","","","","","","","","","","","","","","",
"Belarús","BLR","Cantidad de procedimientos quirúrgicos (por cada 100 000 habitantes)","SH.SGR.PROC.P5","","","","","","","","","","","","","","","","","","","","","","","","","","","","","","","","","","","","","","","","","","","","","","","","","","","","","","","8741","","","","","","",
"Belice","BLZ","Cantidad de procedimientos quirúrgicos (por cada 100 000 habitantes)","SH.SGR.PROC.P5","","","","","","","","","","","","","","","","","","","","","","","","","","","","","","","","","","","","","","","","","","","","","","","","","","","","","","","1964","","","","","","",
"Bermudas","BMU","Cantidad de procedimientos quirúrgicos (por cada 100 000 habitantes)","SH.SGR.PROC.P5","","","","","","","","","","","","","","","","","","","","","","","","","","","","","","","","","","","","","","","","","","","","","","","","","","","","","","","","","","","","","",
"Bolivia","BOL","Cantidad de procedimientos quirúrgicos (por cada 100 000 habitantes)","SH.SGR.PROC.P5","","","","","","","","","","","","","","","","","","","","","","","","","","","","","","","","","","","","","","","","","","","","","","","","","","","","","","","","","","","","","",
"Brasil","BRA","Cantidad de procedimientos quirúrgicos (por cada 100 000 habitantes)","SH.SGR.PROC.P5","","","","","","","","","","","","","","","","","","","","","","","","","","","","","","","","","","","","","","","","","","","","","","","","","","","","","","","","13940","","","","","",
"Barbados","BRB","Cantidad de procedimientos quirúrgicos (por cada 100 000 habitantes)","SH.SGR.PROC.P5","","","","","","","","","","","","","","","","","","","","","","","","","","","","","","","","","","","","","","","","","","","","","","","","","","","","","","","","","","","","","",
"Brunei Darussalam","BRN","Cantidad de procedimientos quirúrgicos (por cada 100 000 habitantes)","SH.SGR.PROC.P5","","","","","","","","","","","","","","","","","","","","","","","","","","","","","","","","","","","","","","","","","","","","","","","","","","","","","","","","","","","","","",
"Bhután","BTN","Cantidad de procedimientos quirúrgicos (por cada 100 000 habitantes)","SH.SGR.PROC.P5","","","","","","","","","","","","","","","","","","","","","","","","","","","","","","","","","","","","","","","","","","","","","","","","","","","","","","","","2639","","","","","",
"Botswana","BWA","Cantidad de procedimientos quirúrgicos (por cada 100 000 habitantes)","SH.SGR.PROC.P5","","","","","","","","","","","","","","","","","","","","","","","","","","","","","","","","","","","","","","","","","","","","","","","","","","","","","","","","","","","","","",
"República Centroafricana","CAF","Cantidad de procedimientos quirúrgicos (por cada 100 000 habitantes)","SH.SGR.PROC.P5","","","","","","","","","","","","","","","","","","","","","","","","","","","","","","","","","","","","","","","","","","","","","","","","","","","","","","","","","","","","","",
"Canadá","CAN","Cantidad de procedimientos quirúrgicos (por cada 100 000 habitantes)","SH.SGR.PROC.P5","","","","","","","","","","","","","","","","","","","","","","","","","","","","","","","","","","","","","","","","","","","","","","","","","","","","","","","","","","","","","",
"Europa Central y del Báltico","CEB","Cantidad de procedimientos quirúrgicos (por cada 100 000 habitantes)","SH.SGR.PROC.P5","","","","","","","","","","","","","","","","","","","","","","","","","","","","","","","","","","","","","","","","","","","","","","","","","","","","","","","","","","","","","",
"Suiza","CHE","Cantidad de procedimientos quirúrgicos (por cada 100 000 habitantes)","SH.SGR.PROC.P5","","","","","","","","","","","","","","","","","","","","","","","","","","","","","","","","","","","","","","","","","","","","","","","","","","","","","","","","","","","","","",
"Islas del Canal","CHI","Cantidad de procedimientos quirúrgicos (por cada 100 000 habitantes)","SH.SGR.PROC.P5","","","","","","","","","","","","","","","","","","","","","","","","","","","","","","","","","","","","","","","","","","","","","","","","","","","","","","","","","","","","","",
"Chile","CHL","Cantidad de procedimientos quirúrgicos (por cada 100 000 habitantes)","SH.SGR.PROC.P5","","","","","","","","","","","","","","","","","","","","","","","","","","","","","","","","","","","","","","","","","","","","","","","","","","","","","","","","","","","","","",
"China","CHN","Cantidad de procedimientos quirúrgicos (por cada 100 000 habitantes)","SH.SGR.PROC.P5","","","","","","","","","","","","","","","","","","","","","","","","","","","","","","","","","","","","","","","","","","","","","","","","","","","","","2732","","","","","","","","",
"Côte d'Ivoire","CIV","Cantidad de procedimientos quirúrgicos (por cada 100 000 habitantes)","SH.SGR.PROC.P5","","","","","","","","","","","","","","","","","","","","","","","","","","","","","","","","","","","","","","","","","","","","","","","","","","","","","","","","","","","","","",
"Camerún","CMR","Cantidad de procedimientos quirúrgicos (por cada 100 000 habitantes)","SH.SGR.PROC.P5","","","","","","","","","","","","","","","","","","","","","","","","","","","","","","","","","","","","","","","","","","","","","","","","","","","","","","","","","","","","","",
"Congo, República Democrática del","COD","Cantidad de procedimientos quirúrgicos (por cada 100 000 habitantes)","SH.SGR.PROC.P5","","","","","","","","","","","","","","","","","","","","","","","","","","","","","","","","","","","","","","","","","","","","","","","","","","","","","","","","","","","","","",
"Congo, República del","COG","Cantidad de procedimientos quirúrgicos (por cada 100 000 habitantes)","SH.SGR.PROC.P5","","","","","","","","","","","","","","","","","","","","","","","","","","","","","","","","","","","","","","","","","","","","","","","","","","","","","","","","","","","","","",
"Colombia","COL","Cantidad de procedimientos quirúrgicos (por cada 100 000 habitantes)","SH.SGR.PROC.P5","","","","","","","","","","","","","","","","","","","","","","","","","","","","","","","","","","","","","","","","","","","","","","","","","","","","","","","","27385","","","","","",
"Comoras","COM","Cantidad de procedimientos quirúrgicos (por cada 100 000 habitantes)","SH.SGR.PROC.P5","","","","","","","","","","","","","","","","","","","","","","","","","","","","","","","","","","","","","","","","","","","","","","","","","","","","","","","","","","","","","",
"Cabo Verde","CPV","Cantidad de procedimientos quirúrgicos (por cada 100 000 habitantes)","SH.SGR.PROC.P5","","","","","","","","","","","","","","","","","","","","","","","","","","","","","","","","","","","","","","","","","","","","","","","","","","","","","","","","","","","","","",
"Costa Rica","CRI","Cantidad de procedimientos quirúrgicos (por cada 100 000 habitantes)","SH.SGR.PROC.P5","","","","","","","","","","","","","","","","","","","","","","","","","","","","","","","","","","","","","","","","","","","","","","","","","","","","","","","3746","","","","","","",
"Estados pequeos del Caribe","CSS","Cantidad de procedimientos quirúrgicos (por cada 100 000 habitantes)","SH.SGR.PROC.P5","","","","","","","","","","","","","","","","","","","","","","","","","","","","","","","","","","","","","","","","","","","","","","","","","","","","","","","","","","","","","",
"Cuba","CUB","Cantidad de procedimientos quirúrgicos (por cada 100 000 habitantes)","SH.SGR.PROC.P5","","","","","","","","","","","","","","","","","","","","","","","","","","","","","","","","","","","","","","","","","","","","","","","","","","","","","4757","","","","","","","","",
"Curacao","CUW","Cantidad de procedimientos quirúrgicos (por cada 100 000 habitantes)","SH.SGR.PROC.P5","","","","","","","","","","","","","","","","","","","","","","","","","","","","","","","","","","","","","","","","","","","","","","","","","","","","","","","","","","","","","",
"Islas Caimán","CYM","Cantidad de procedimientos quirúrgicos (por cada 100 000 habitantes)","SH.SGR.PROC.P5","","","","","","","","","","","","","","","","","","","","","","","","","","","","","","","","","","","","","","","","","","","","","","","","","","","","","","","","8771","","","","","",
"Chipre","CYP","Cantidad de procedimientos quirúrgicos (por cada 100 000 habitantes)","SH.SGR.PROC.P5","","","","","","","","","","","","","","","","","","","","","","","","","","","","","","","","","","","","","","","","","","","","","","","","","","","","","","","3057","","","","","","",
"República Checa","CZE","Cantidad de procedimientos quirúrgicos (por cada 100 000 habitantes)","SH.SGR.PROC.P5","","","","","","","","","","","","","","","","","","","","","","","","","","","","","","","","","","","","","","","","","","","","","","","","","","","","","","","","","","","","","",
"Alemania","DEU","Cantidad de procedimientos quirúrgicos (por cada 100 000 habitantes)","SH.SGR.PROC.P5","","","","","","","","","","","","","","","","","","","","","","","","","","","","","","","","","","","","","","","","","","","","","","","","","","","","","","","","","","","","","",
"Djibouti","DJI","Cantidad de procedimientos quirúrgicos (por cada 100 000 habitantes)","SH.SGR.PROC.P5","","","","","","","","","","","","","","","","","","","","","","","","","","","","","","","","","","","","","","","","","","","","","","","","","","","","","","","","","","","","","",
"Dominica","DMA","Cantidad de procedimientos quirúrgicos (por cada 100 000 habitantes)","SH.SGR.PROC.P5","","","","","","","","","","","","","","","","","","","","","","","","","","","","","","","","","","","","","","","","","","","","","","","","","","","","","","","","","","","","","",
"Dinamarca","DNK","Cantidad de procedimientos quirúrgicos (por cada 100 000 habitantes)","SH.SGR.PROC.P5","","","","","","","","","","","","","","","","","","","","","","","","","","","","","","","","","","","","","","","","","","","","","","","","","","","","","","","","21197","","","","","",
"República Dominicana","DOM","Cantidad de procedimientos quirúrgicos (por cada 100 000 habitantes)","SH.SGR.PROC.P5","","","","","","","","","","","","","","","","","","","","","","","","","","","","","","","","","","","","","","","","","","","","","","","","","","","","","","","","","","","","","",
"Argelia","DZA","Cantidad de procedimientos quirúrgicos (por cada 100 000 habitantes)","SH.SGR.PROC.P5","","","","","","","","","","","","","","","","","","","","","","","","","","","","","","","","","","","","","","","","","","","","","","","","","","","","","","","","","","","","","",
"Asia oriental y el Pacífico (excluido altos ingresos)","EAP","Cantidad de procedimientos quirúrgicos (por cada 100 000 habitantes)","SH.SGR.PROC.P5","","","","","","","","","","","","","","","","","","","","","","","","","","","","","","","","","","","","","","","","","","","","","","","","","","","","","","","2725.21703221844","","","","","","",
"inicial del dividendo demográfico","EAR","Cantidad de procedimientos quirúrgicos (por cada 100 000 habitantes)","SH.SGR.PROC.P5","","","","","","","","","","","","","","","","","","","","","","","","","","","","","","","","","","","","","","","","","","","","","","","","","","","","","","","","","","","","","",
"Asia oriental y el Pacífico","EAS","Cantidad de procedimientos quirúrgicos (por cada 100 000 habitantes)","SH.SGR.PROC.P5","","","","","","","","","","","","","","","","","","","","","","","","","","","","","","","","","","","","","","","","","","","","","","","","","","","","","","","","","","","","","",
"Europa y Asia central (excluido altos ingresos)","ECA","Cantidad de procedimientos quirúrgicos (por cada 100 000 habitantes)","SH.SGR.PROC.P5","","","","","","","","","","","","","","","","","","","","","","","","","","","","","","","","","","","","","","","","","","","","","","","","","","","","","","","","","","","","","",
"Europa y Asia central","ECS","Cantidad de procedimientos quirúrgicos (por cada 100 000 habitantes)","SH.SGR.PROC.P5","","","","","","","","","","","","","","","","","","","","","","","","","","","","","","","","","","","","","","","","","","","","","","","","","","","","","","","","","","","","","",
"Ecuador","ECU","Cantidad de procedimientos quirúrgicos (por cada 100 000 habitantes)","SH.SGR.PROC.P5","","","","","","","","","","","","","","","","","","","","","","","","","","","","","","","","","","","","","","","","","","","","","","","","","","","","","","","","1552","","","","","",
"Egipto, República Árabe de","EGY","Cantidad de procedimientos quirúrgicos (por cada 100 000 habitantes)","SH.SGR.PROC.P5","","","","","","","","","","","","","","","","","","","","","","","","","","","","","","","","","","","","","","","","","","","","","","","","","","","","","","","","","","","","","",
"Zona del Euro","EMU","Cantidad de procedimientos quirúrgicos (por cada 100 000 habitantes)","SH.SGR.PROC.P5","","","","","","","","","","","","","","","","","","","","","","","","","","","","","","","","","","","","","","","","","","","","","","","","","","","","","","","","","","","","","",
"Eritrea","ERI","Cantidad de procedimientos quirúrgicos (por cada 100 000 habitantes)","SH.SGR.PROC.P5","","","","","","","","","","","","","","","","","","","","","","","","","","","","","","","","","","","","","","","","","","","","","","","","","","","","","","","","","","","","","",
"España","ESP","Cantidad de procedimientos quirúrgicos (por cada 100 000 habitantes)","SH.SGR.PROC.P5","","","","","","","","","","","","","","","","","","","","","","","","","","","","","","","","","","","","","","","","","","","","","","","","","","","","","","","10579","","","","","","",
"Estonia","EST","Cantidad de procedimientos quirúrgicos (por cada 100 000 habitantes)","SH.SGR.PROC.P5","","","","","","","","","","","","","","","","","","","","","","","","","","","","","","","","","","","","","","","","","","","","","","","","","","","","","","","9684","","","","","","",
"Etiopía","ETH","Cantidad de procedimientos quirúrgicos (por cada 100 000 habitantes)","SH.SGR.PROC.P5","","","","","","","","","","","","","","","","","","","","","","","","","","","","","","","","","","","","","","","","","","","","","","","","","","","","43","","","","","","","","","",
"Unión Europea","EUU","Cantidad de procedimientos quirúrgicos (por cada 100 000 habitantes)","SH.SGR.PROC.P5","","","","","","","","","","","","","","","","","","","","","","","","","","","","","","","","","","","","","","","","","","","","","","","","","","","","","","","","","","","","","",
"Frágiles y situaciones de conflicto afectados","FCS","Cantidad de procedimientos quirúrgicos (por cada 100 000 habitantes)","SH.SGR.PROC.P5","","","","","","","","","","","","","","","","","","","","","","","","","","","","","","","","","","","","","","","","","","","","","","","","","","","","","","","","","","","","","",
"Finlandia","FIN","Cantidad de procedimientos quirúrgicos (por cada 100 000 habitantes)","SH.SGR.PROC.P5","","","","","","","","","","","","","","","","","","","","","","","","","","","","","","","","","","","","","","","","","","","","","","","","","","","","","","","8850","","","","","","",
"Fiji","FJI","Cantidad de procedimientos quirúrgicos (por cada 100 000 habitantes)","SH.SGR.PROC.P5","","","","","","","","","","","","","","","","","","","","","","","","","","","","","","","","","","","","","","","","","","","","","","","","","","","","","","","","","1490","","","","",
"Francia","FRA","Cantidad de procedimientos quirúrgicos (por cada 100 000 habitantes)","SH.SGR.PROC.P5","","","","","","","","","","","","","","","","","","","","","","","","","","","","","","","","","","","","","","","","","","","","","","","","","","","","","","","","","","","","","",
"Islas Feroe","FRO","Cantidad de procedimientos quirúrgicos (por cada 100 000 habitantes)","SH.SGR.PROC.P5","","","","","","","","","","","","","","","","","","","","","","","","","","","","","","","","","","","","","","","","","","","","","","","","","","","","","","","","","","","","","",
"Micronesia (Estados Federados de)","FSM","Cantidad de procedimientos quirúrgicos (por cada 100 000 habitantes)","SH.SGR.PROC.P5","","","","","","","","","","","","","","","","","","","","","","","","","","","","","","","","","","","","","","","","","","","","","","","","","","","","","","","","","","","","","",
"Gabón","GAB","Cantidad de procedimientos quirúrgicos (por cada 100 000 habitantes)","SH.SGR.PROC.P5","","","","","","","","","","","","","","","","","","","","","","","","","","","","","","","","","","","","","","","","","","","","","","","","","","","","","","","","","","","","","",
"Reino Unido","GBR","Cantidad de procedimientos quirúrgicos (por cada 100 000 habitantes)","SH.SGR.PROC.P5","","","","","","","","","","","","","","","","","","","","","","","","","","","","","","","","","","","","","","","","","","","","","","","","","","","","","","","","","","","","","",
"Georgia","GEO","Cantidad de procedimientos quirúrgicos (por cada 100 000 habitantes)","SH.SGR.PROC.P5","","","","","","","","","","","","","","","","","","","","","","","","","","","","","","","","","","","","","","","","","","","","","","","","","","","","","","","5488","","","","","","",
"Ghana","GHA","Cantidad de procedimientos quirúrgicos (por cada 100 000 habitantes)","SH.SGR.PROC.P5","","","","","","","","","","","","","","","","","","","","","","","","","","","","","","","","","","","","","","","","","","","","","","","","","","","","","","","","","","","","","",
"Gibraltar","GIB","Cantidad de procedimientos quirúrgicos (por cada 100 000 habitantes)","SH.SGR.PROC.P5","","","","","","","","","","","","","","","","","","","","","","","","","","","","","","","","","","","","","","","","","","","","","","","","","","","","","","","","","","","","","",
"Guinea","GIN","Cantidad de procedimientos quirúrgicos (por cada 100 000 habitantes)","SH.SGR.PROC.P5","","","","","","","","","","","","","","","","","","","","","","","","","","","","","","","","","","","","","","","","","","","","","","","","","","","","","","","","","","","","","",
"Gambia","GMB","Cantidad de procedimientos quirúrgicos (por cada 100 000 habitantes)","SH.SGR.PROC.P5","","","","","","","","","","","","","","","","","","","","","","","","","","","","","","","","","","","","","","","","","","","","","","","","","","","","","","","","","","","","","",
"Guinea-Bissau","GNB","Cantidad de procedimientos quirúrgicos (por cada 100 000 habitantes)","SH.SGR.PROC.P5","","","","","","","","","","","","","","","","","","","","","","","","","","","","","","","","","","","","","","","","","","","","","","","","","","","","","","","","","","","","","",
"Guinea Ecuatorial","GNQ","Cantidad de procedimientos quirúrgicos (por cada 100 000 habitantes)","SH.SGR.PROC.P5","","","","","","","","","","","","","","","","","","","","","","","","","","","","","","","","","","","","","","","","","","","","","","","","","","","","","","","","","","","","","",
"Grecia","GRC","Cantidad de procedimientos quirúrgicos (por cada 100 000 habitantes)","SH.SGR.PROC.P5","","","","","","","","","","","","","","","","","","","","","","","","","","","","","","","","","","","","","","","","","","","","","","","","","","","","","","","","","","","","","",
"Granada","GRD","Cantidad de procedimientos quirúrgicos (por cada 100 000 habitantes)","SH.SGR.PROC.P5","","","","","","","","","","","","","","","","","","","","","","","","","","","","","","","","","","","","","","","","","","","","","","","","","","","","","","","","","","","","","",
"Groenlandia","GRL","Cantidad de procedimientos quirúrgicos (por cada 100 000 habitantes)","SH.SGR.PROC.P5","","","","","","","","","","","","","","","","","","","","","","","","","","","","","","","","","","","","","","","","","","","","","","","","","","","","","","","","","","","","","",
"Guatemala","GTM","Cantidad de procedimientos quirúrgicos (por cada 100 000 habitantes)","SH.SGR.PROC.P5","","","","","","","","","","","","","","","","","","","","","","","","","","","","","","","","","","","","","","","","","","","","","","","","","","","","","1505","","","","","","","","",
"Guam","GUM","Cantidad de procedimientos quirúrgicos (por cada 100 000 habitantes)","SH.SGR.PROC.P5","","","","","","","","","","","","","","","","","","","","","","","","","","","","","","","","","","","","","","","","","","","","","","","","","","","","","","","","","","","","","",
"Guyana","GUY","Cantidad de procedimientos quirúrgicos (por cada 100 000 habitantes)","SH.SGR.PROC.P5","","","","","","","","","","","","","","","","","","","","","","","","","","","","","","","","","","","","","","","","","","","","","","","","","","","","","","","","","","","","","",
"Ingreso alto","HIC","Cantidad de procedimientos quirúrgicos (por cada 100 000 habitantes)","SH.SGR.PROC.P5","","","","","","","","","","","","","","","","","","","","","","","","","","","","","","","","","","","","","","","","","","","","","","","","","","","","","","","","","","","","","",
"Hong Kong, Región Administrativa Especial","HKG","Cantidad de procedimientos quirúrgicos (por cada 100 000 habitantes)","SH.SGR.PROC.P5","","","","","","","","","","","","","","","","","","","","","","","","","","","","","","","","","","","","","","","","","","","","","","","","","","","","","","","","","","","","","",
"Honduras","HND","Cantidad de procedimientos quirúrgicos (por cada 100 000 habitantes)","SH.SGR.PROC.P5","","","","","","","","","","","","","","","","","","","","","","","","","","","","","","","","","","","","","","","","","","","","","","","","","","","","","","","","","","","","","",
"Países pobres muy endeudados (PPME)","HPC","Cantidad de procedimientos quirúrgicos (por cada 100 000 habitantes)","SH.SGR.PROC.P5","","","","","","","","","","","","","","","","","","","","","","","","","","","","","","","","","","","","","","","","","","","","","","","","","","","","","","","","","","","","","",
"Croacia","HRV","Cantidad de procedimientos quirúrgicos (por cada 100 000 habitantes)","SH.SGR.PROC.P5","","","","","","","","","","","","","","","","","","","","","","","","","","","","","","","","","","","","","","","","","","","","","","","","","","","","","","","","","","","","","",
"Haití","HTI","Cantidad de procedimientos quirúrgicos (por cada 100 000 habitantes)","SH.SGR.PROC.P5","","","","","","","","","","","","","","","","","","","","","","","","","","","","","","","","","","","","","","","","","","","","","","","","","","","","","","","","","","","","","",
"Hungría","HUN","Cantidad de procedimientos quirúrgicos (por cada 100 000 habitantes)","SH.SGR.PROC.P5","","","","","","","","","","","","","","","","","","","","","","","","","","","","","","","","","","","","","","","","","","","","","","","","","","","","","","","","","","","","","",
"Sólo BIRF","IBD","Cantidad de procedimientos quirúrgicos (por cada 100 000 habitantes)","SH.SGR.PROC.P5","","","","","","","","","","","","","","","","","","","","","","","","","","","","","","","","","","","","","","","","","","","","","","","","","","","","","","","","","","","","","",
"BIRF y la AIF","IBT","Cantidad de procedimientos quirúrgicos (por cada 100 000 habitantes)","SH.SGR.PROC.P5","","","","","","","","","","","","","","","","","","","","","","","","","","","","","","","","","","","","","","","","","","","","","","","","","","","","","","","","","","","","","",
"total de la AIF","IDA","Cantidad de procedimientos quirúrgicos (por cada 100 000 habitantes)","SH.SGR.PROC.P5","","","","","","","","","","","","","","","","","","","","","","","","","","","","","","","","","","","","","","","","","","","","","","","","","","","","","","","","","","","","","",
"mezcla de la AIF","IDB","Cantidad de procedimientos quirúrgicos (por cada 100 000 habitantes)","SH.SGR.PROC.P5","","","","","","","","","","","","","","","","","","","","","","","","","","","","","","","","","","","","","","","","","","","","","","","","","","","","","","","","","","","","","",
"Indonesia","IDN","Cantidad de procedimientos quirúrgicos (por cada 100 000 habitantes)","SH.SGR.PROC.P5","","","","","","","","","","","","","","","","","","","","","","","","","","","","","","","","","","","","","","","","","","","","","","","","","","","","","","","","","","","","","",
"Sólo AIF","IDX","Cantidad de procedimientos quirúrgicos (por cada 100 000 habitantes)","SH.SGR.PROC.P5","","","","","","","","","","","","","","","","","","","","","","","","","","","","","","","","","","","","","","","","","","","","","","","","","","","","","","","","","","","","","",
"Isla de Man","IMN","Cantidad de procedimientos quirúrgicos (por cada 100 000 habitantes)","SH.SGR.PROC.P5","","","","","","","","","","","","","","","","","","","","","","","","","","","","","","","","","","","","","","","","","","","","","","","","","","","","","","","9770","","","","","","",
"India","IND","Cantidad de procedimientos quirúrgicos (por cada 100 000 habitantes)","SH.SGR.PROC.P5","","","","","","","","","","","","","","","","","","","","","","","","","","","","","","","","","","","","","","","","","","","","","","","","","","","","","","","","","","","","","",
"No clasificado","INX","Cantidad de procedimientos quirúrgicos (por cada 100 000 habitantes)","SH.SGR.PROC.P5","","","","","","","","","","","","","","","","","","","","","","","","","","","","","","","","","","","","","","","","","","","","","","","","","","","","","","","","","","","","","",
"Irlanda","IRL","Cantidad de procedimientos quirúrgicos (por cada 100 000 habitantes)","SH.SGR.PROC.P5","","","","","","","","","","","","","","","","","","","","","","","","","","","","","","","","","","","","","","","","","","","","","","","","","","","","","","","","","","","","","",
"Irán, República Islámica del","IRN","Cantidad de procedimientos quirúrgicos (por cada 100 000 habitantes)","SH.SGR.PROC.P5","","","","","","","","","","","","","","","","","","","","","","","","","","","","","","","","","","","","","","","","","","","","","","","","","","","","","","","","","","","","","",
"Iraq","IRQ","Cantidad de procedimientos quirúrgicos (por cada 100 000 habitantes)","SH.SGR.PROC.P5","","","","","","","","","","","","","","","","","","","","","","","","","","","","","","","","","","","","","","","","","","","","","","","","","","","","","","","","","","","","","",
"Islandia","ISL","Cantidad de procedimientos quirúrgicos (por cada 100 000 habitantes)","SH.SGR.PROC.P5","","","","","","","","","","","","","","","","","","","","","","","","","","","","","","","","","","","","","","","","","","","","","","","","","","","","","","","","","","","","","",
"Israel","ISR","Cantidad de procedimientos quirúrgicos (por cada 100 000 habitantes)","SH.SGR.PROC.P5","","","","","","","","","","","","","","","","","","","","","","","","","","","","","","","","","","","","","","","","","","","","","","","","","","","","","","","4879","","","","","","",
"Italia","ITA","Cantidad de procedimientos quirúrgicos (por cada 100 000 habitantes)","SH.SGR.PROC.P5","","","","","","","","","","","","","","","","","","","","","","","","","","","","","","","","","","","","","","","","","","","","","","","","","","","","","","","","","","","","","",
"Jamaica","JAM","Cantidad de procedimientos quirúrgicos (por cada 100 000 habitantes)","SH.SGR.PROC.P5","","","","","","","","","","","","","","","","","","","","","","","","","","","","","","","","","","","","","","","","","","","","","","","","","","","","","","","","","","","","","",
"Jordania","JOR","Cantidad de procedimientos quirúrgicos (por cada 100 000 habitantes)","SH.SGR.PROC.P5","","","","","","","","","","","","","","","","","","","","","","","","","","","","","","","","","","","","","","","","","","","","","","","","","","","","","","","","2982","","","","","",
"Japón","JPN","Cantidad de procedimientos quirúrgicos (por cada 100 000 habitantes)","SH.SGR.PROC.P5","","","","","","","","","","","","","","","","","","","","","","","","","","","","","","","","","","","","","","","","","","","","","","","","","","","","","","","","","","","","","",
"Kazajstán","KAZ","Cantidad de procedimientos quirúrgicos (por cada 100 000 habitantes)","SH.SGR.PROC.P5","","","","","","","","","","","","","","","","","","","","","","","","","","","","","","","","","","","","","","","","","","","","","","","","","","","","","","","","4459","","","","","",
"Kenya","KEN","Cantidad de procedimientos quirúrgicos (por cada 100 000 habitantes)","SH.SGR.PROC.P5","","","","","","","","","","","","","","","","","","","","","","","","","","","","","","","","","","","","","","","","","","","","","","","","","","","","","","","","","","","","","",
"Kirguistán","KGZ","Cantidad de procedimientos quirúrgicos (por cada 100 000 habitantes)","SH.SGR.PROC.P5","","","","","","","","","","","","","","","","","","","","","","","","","","","","","","","","","","","","","","","","","","","","","","","","","","","","","","","","3045","","","","","",
"Camboya","KHM","Cantidad de procedimientos quirúrgicos (por cada 100 000 habitantes)","SH.SGR.PROC.P5","","","","","","","","","","","","","","","","","","","","","","","","","","","","","","","","","","","","","","","","","","","","","","","","","","","","","","","","","","","","","",
"Kiribati","KIR","Cantidad de procedimientos quirúrgicos (por cada 100 000 habitantes)","SH.SGR.PROC.P5","","","","","","","","","","","","","","","","","","","","","","","","","","","","","","","","","","","","","","","","","","","","","","","","","","","","","","","","","1718","","","","",
"Saint Kitts y Nevis","KNA","Cantidad de procedimientos quirúrgicos (por cada 100 000 habitantes)","SH.SGR.PROC.P5","","","","","","","","","","","","","","","","","","","","","","","","","","","","","","","","","","","","","","","","","","","","","","","","","","","","","","","","","","","","","",
"Corea, República de","KOR","Cantidad de procedimientos quirúrgicos (por cada 100 000 habitantes)","SH.SGR.PROC.P5","","","","","","","","","","","","","","","","","","","","","","","","","","","","","","","","","","","","","","","","","","","","","","","","","","","","","","","","","","","","","",
"Kuwait","KWT","Cantidad de procedimientos quirúrgicos (por cada 100 000 habitantes)","SH.SGR.PROC.P5","","","","","","","","","","","","","","","","","","","","","","","","","","","","","","","","","","","","","","","","","","","","","","","","","","","","","","","","","","","","","",
"América Latina y el Caribe (excluido altos ingresos)","LAC","Cantidad de procedimientos quirúrgicos (por cada 100 000 habitantes)","SH.SGR.PROC.P5","","","","","","","","","","","","","","","","","","","","","","","","","","","","","","","","","","","","","","","","","","","","","","","","","","","","","","","10001.1072287335","","","","","","",
"República Democrática Popular Lao","LAO","Cantidad de procedimientos quirúrgicos (por cada 100 000 habitantes)","SH.SGR.PROC.P5","","","","","","","","","","","","","","","","","","","","","","","","","","","","","","","","","","","","","","","","","","","","","","","","","","","","","","","","","","","","","",
"Líbano","LBN","Cantidad de procedimientos quirúrgicos (por cada 100 000 habitantes)","SH.SGR.PROC.P5","","","","","","","","","","","","","","","","","","","","","","","","","","","","","","","","","","","","","","","","","","","","","","","","","","","","","","","","","","","","","",
"Liberia","LBR","Cantidad de procedimientos quirúrgicos (por cada 100 000 habitantes)","SH.SGR.PROC.P5","","","","","","","","","","","","","","","","","","","","","","","","","","","","","","","","","","","","","","","","","","","","","","","","","","","","","","","","","","","","","",
"Libia","LBY","Cantidad de procedimientos quirúrgicos (por cada 100 000 habitantes)","SH.SGR.PROC.P5","","","","","","","","","","","","","","","","","","","","","","","","","","","","","","","","","","","","","","","","","","","","","","","","","","","","","","","","","","","","","",
"Santa Lucía","LCA","Cantidad de procedimientos quirúrgicos (por cada 100 000 habitantes)","SH.SGR.PROC.P5","","","","","","","","","","","","","","","","","","","","","","","","","","","","","","","","","","","","","","","","","","","","","","","","","","","","","","","","","","","","","",
"América Latina y el Caribe","LCN","Cantidad de procedimientos quirúrgicos (por cada 100 000 habitantes)","SH.SGR.PROC.P5","","","","","","","","","","","","","","","","","","","","","","","","","","","","","","","","","","","","","","","","","","","","","","","","","","","","","","","10000.9401763674","","","","","","",
"Países menos desarrollados: clasificación de las Naciones Unidas","LDC","Cantidad de procedimientos quirúrgicos (por cada 100 000 habitantes)","SH.SGR.PROC.P5","","","","","","","","","","","","","","","","","","","","","","","","","","","","","","","","","","","","","","","","","","","","","","","","","","","","","","","","","","","","","",
"Países de ingreso bajo","LIC","Cantidad de procedimientos quirúrgicos (por cada 100 000 habitantes)","SH.SGR.PROC.P5","","","","","","","","","","","","","","","","","","","","","","","","","","","","","","","","","","","","","","","","","","","","","","","","","","","","","","","","","","","","","",
"Liechtenstein","LIE","Cantidad de procedimientos quirúrgicos (por cada 100 000 habitantes)","SH.SGR.PROC.P5","","","","","","","","","","","","","","","","","","","","","","","","","","","","","","","","","","","","","","","","","","","","","","","","","","","","","","","","","","","","","",
"Sri Lanka","LKA","Cantidad de procedimientos quirúrgicos (por cada 100 000 habitantes)","SH.SGR.PROC.P5","","","","","","","","","","","","","","","","","","","","","","","","","","","","","","","","","","","","","","","","","","","","","","","","","","","","","","","","4943","","","","","",
"Países de ingreso mediano bajo","LMC","Cantidad de procedimientos quirúrgicos (por cada 100 000 habitantes)","SH.SGR.PROC.P5","","","","","","","","","","","","","","","","","","","","","","","","","","","","","","","","","","","","","","","","","","","","","","","","","","","","","","","","","","","","","",
"Ingreso mediano y bajo","LMY","Cantidad de procedimientos quirúrgicos (por cada 100 000 habitantes)","SH.SGR.PROC.P5","","","","","","","","","","","","","","","","","","","","","","","","","","","","","","","","","","","","","","","","","","","","","","","","","","","","","","","","","","","","","",
"Lesotho","LSO","Cantidad de procedimientos quirúrgicos (por cada 100 000 habitantes)","SH.SGR.PROC.P5","","","","","","","","","","","","","","","","","","","","","","","","","","","","","","","","","","","","","","","","","","","","","","","","","","","","","","","","","","","","","",
"avanzada del dividendo demográfico","LTE","Cantidad de procedimientos quirúrgicos (por cada 100 000 habitantes)","SH.SGR.PROC.P5","","","","","","","","","","","","","","","","","","","","","","","","","","","","","","","","","","","","","","","","","","","","","","","","","","","","","","","4897.38262129583","","","","","","",
"Lituania","LTU","Cantidad de procedimientos quirúrgicos (por cada 100 000 habitantes)","SH.SGR.PROC.P5","","","","","","","","","","","","","","","","","","","","","","","","","","","","","","","","","","","","","","","","","","","","","","","","","","","","","","","","","","","","","",
"Luxemburgo","LUX","Cantidad de procedimientos quirúrgicos (por cada 100 000 habitantes)","SH.SGR.PROC.P5","","","","","","","","","","","","","","","","","","","","","","","","","","","","","","","","","","","","","","","","","","","","","","","","","","","","","","","","","","","","","",
"Letonia","LVA","Cantidad de procedimientos quirúrgicos (por cada 100 000 habitantes)","SH.SGR.PROC.P5","","","","","","","","","","","","","","","","","","","","","","","","","","","","","","","","","","","","","","","","","","","","","","","","","","","","","","","","18395","","","","","",
"Región Administrativa Especial de Macao, China","MAC","Cantidad de procedimientos quirúrgicos (por cada 100 000 habitantes)","SH.SGR.PROC.P5","","","","","","","","","","","","","","","","","","","","","","","","","","","","","","","","","","","","","","","","","","","","","","","","","","","","","","","","","","","","","",
"Isla de San Martín (parte francesa)","MAF","Cantidad de procedimientos quirúrgicos (por cada 100 000 habitantes)","SH.SGR.PROC.P5","","","","","","","","","","","","","","","","","","","","","","","","","","","","","","","","","","","","","","","","","","","","","","","","","","","","","","","","","","","","","",
"Marruecos","MAR","Cantidad de procedimientos quirúrgicos (por cada 100 000 habitantes)","SH.SGR.PROC.P5","","","","","","","","","","","","","","","","","","","","","","","","","","","","","","","","","","","","","","","","","","","","","","","","","","","","","","","","756","","","","","",
"Mónaco","MCO","Cantidad de procedimientos quirúrgicos (por cada 100 000 habitantes)","SH.SGR.PROC.P5","","","","","","","","","","","","","","","","","","","","","","","","","","","","","","","","","","","","","","","","","","","","","","","","","","","","","","","","","","","","","",
"República de Moldova","MDA","Cantidad de procedimientos quirúrgicos (por cada 100 000 habitantes)","SH.SGR.PROC.P5","","","","","","","","","","","","","","","","","","","","","","","","","","","","","","","","","","","","","","","","","","","","","","","","","","","","","","","4898","","","","","","",
"Madagascar","MDG","Cantidad de procedimientos quirúrgicos (por cada 100 000 habitantes)","SH.SGR.PROC.P5","","","","","","","","","","","","","","","","","","","","","","","","","","","","","","","","","","","","","","","","","","","","","","","","","","","","","","","","","","","","","",
"Maldivas","MDV","Cantidad de procedimientos quirúrgicos (por cada 100 000 habitantes)","SH.SGR.PROC.P5","","","","","","","","","","","","","","","","","","","","","","","","","","","","","","","","","","","","","","","","","","","","","","","","","","","","","","","","","","","","","",
"Oriente Medio y Norte de África","MEA","Cantidad de procedimientos quirúrgicos (por cada 100 000 habitantes)","SH.SGR.PROC.P5","","","","","","","","","","","","","","","","","","","","","","","","","","","","","","","","","","","","","","","","","","","","","","","","","","","","","","","","","","","","","",
"México","MEX","Cantidad de procedimientos quirúrgicos (por cada 100 000 habitantes)","SH.SGR.PROC.P5","","","","","","","","","","","","","","","","","","","","","","","","","","","","","","","","","","","","","","","","","","","","","","","","","","","","","","","","1303","","","","","",
"Islas Marshall","MHL","Cantidad de procedimientos quirúrgicos (por cada 100 000 habitantes)","SH.SGR.PROC.P5","","","","","","","","","","","","","","","","","","","","","","","","","","","","","","","","","","","","","","","","","","","","","","","","","","","","","","","","","","","","","",
" Ingreso mediano","MIC","Cantidad de procedimientos quirúrgicos (por cada 100 000 habitantes)","SH.SGR.PROC.P5","","","","","","","","","","","","","","","","","","","","","","","","","","","","","","","","","","","","","","","","","","","","","","","","","","","","","","","","","","","","","",
"Macedonia del Norte","MKD","Cantidad de procedimientos quirúrgicos (por cada 100 000 habitantes)","SH.SGR.PROC.P5","","","","","","","","","","","","","","","","","","","","","","","","","","","","","","","","","","","","","","","","","","","","","","","","","","","","","","","","","","","","","",
"Malí","MLI","Cantidad de procedimientos quirúrgicos (por cada 100 000 habitantes)","SH.SGR.PROC.P5","","","","","","","","","","","","","","","","","","","","","","","","","","","","","","","","","","","","","","","","","","","","","","","","","","","","","","","","","","","","","",
"Malta","MLT","Cantidad de procedimientos quirúrgicos (por cada 100 000 habitantes)","SH.SGR.PROC.P5","","","","","","","","","","","","","","","","","","","","","","","","","","","","","","","","","","","","","","","","","","","","","","","","","","","","","","","","","","","","","",
"Myanmar","MMR","Cantidad de procedimientos quirúrgicos (por cada 100 000 habitantes)","SH.SGR.PROC.P5","","","","","","","","","","","","","","","","","","","","","","","","","","","","","","","","","","","","","","","","","","","","","","","","","","","","","","","","","","","","","",
"Oriente Medio y Norte de África (excluido altos ingresos)","MNA","Cantidad de procedimientos quirúrgicos (por cada 100 000 habitantes)","SH.SGR.PROC.P5","","","","","","","","","","","","","","","","","","","","","","","","","","","","","","","","","","","","","","","","","","","","","","","","","","","","","","","","","","","","","",
"Montenegro","MNE","Cantidad de procedimientos quirúrgicos (por cada 100 000 habitantes)","SH.SGR.PROC.P5","","","","","","","","","","","","","","","","","","","","","","","","","","","","","","","","","","","","","","","","","","","","","","","","","","","","","","","","","","","","","",
"Mongolia","MNG","Cantidad de procedimientos quirúrgicos (por cada 100 000 habitantes)","SH.SGR.PROC.P5","","","","","","","","","","","","","","","","","","","","","","","","","","","","","","","","","","","","","","","","","","","","","","","","","","","","","","","5339","","","","","","",
"Mariana","MNP","Cantidad de procedimientos quirúrgicos (por cada 100 000 habitantes)","SH.SGR.PROC.P5","","","","","","","","","","","","","","","","","","","","","","","","","","","","","","","","","","","","","","","","","","","","","","","","","","","","","","","","","","","","","",
"Mozambique","MOZ","Cantidad de procedimientos quirúrgicos (por cada 100 000 habitantes)","SH.SGR.PROC.P5","","","","","","","","","","","","","","","","","","","","","","","","","","","","","","","","","","","","","","","","","","","","","","","","","","","","","","","","","","","","","",
"Mauritania","MRT","Cantidad de procedimientos quirúrgicos (por cada 100 000 habitantes)","SH.SGR.PROC.P5","","","","","","","","","","","","","","","","","","","","","","","","","","","","","","","","","","","","","","","","","","","","","","","","","","","","","","","","","","","","","",
"Mauricio","MUS","Cantidad de procedimientos quirúrgicos (por cada 100 000 habitantes)","SH.SGR.PROC.P5","","","","","","","","","","","","","","","","","","","","","","","","","","","","","","","","","","","","","","","","","","","","","","","","","","","","","","","","","","","","","",
"Malawi","MWI","Cantidad de procedimientos quirúrgicos (por cada 100 000 habitantes)","SH.SGR.PROC.P5","","","","","","","","","","","","","","","","","","","","","","","","","","","","","","","","","","","","","","","","","","","","","","","","","","","","","","","","","","","","","",
"Malasia","MYS","Cantidad de procedimientos quirúrgicos (por cada 100 000 habitantes)","SH.SGR.PROC.P5","","","","","","","","","","","","","","","","","","","","","","","","","","","","","","","","","","","","","","","","","","","","","","","","","","","","","","","","","","","","","",
"América del Norte","NAC","Cantidad de procedimientos quirúrgicos (por cada 100 000 habitantes)","SH.SGR.PROC.P5","","","","","","","","","","","","","","","","","","","","","","","","","","","","","","","","","","","","","","","","","","","","","","","","","","","","","","","","","","","","","",
"Namibia","NAM","Cantidad de procedimientos quirúrgicos (por cada 100 000 habitantes)","SH.SGR.PROC.P5","","","","","","","","","","","","","","","","","","","","","","","","","","","","","","","","","","","","","","","","","","","","","","","","","","","","","","","","","","","","","",
"Nueva Caledonia","NCL","Cantidad de procedimientos quirúrgicos (por cada 100 000 habitantes)","SH.SGR.PROC.P5","","","","","","","","","","","","","","","","","","","","","","","","","","","","","","","","","","","","","","","","","","","","","","","","","","","","","","","","","","","","","",
"Níger","NER","Cantidad de procedimientos quirúrgicos (por cada 100 000 habitantes)","SH.SGR.PROC.P5","","","","","","","","","","","","","","","","","","","","","","","","","","","","","","","","","","","","","","","","","","","","","","","","","","","","","","","263","","","","","","",
"Nigeria","NGA","Cantidad de procedimientos quirúrgicos (por cada 100 000 habitantes)","SH.SGR.PROC.P5","","","","","","","","","","","","","","","","","","","","","","","","","","","","","","","","","","","","","","","","","","","","","","","","","","","","","","","","","","","","","",
"Nicaragua","NIC","Cantidad de procedimientos quirúrgicos (por cada 100 000 habitantes)","SH.SGR.PROC.P5","","","","","","","","","","","","","","","","","","","","","","","","","","","","","","","","","","","","","","","","","","","","","","","","","","","","","","","","","","","","","",
"Países Bajos","NLD","Cantidad de procedimientos quirúrgicos (por cada 100 000 habitantes)","SH.SGR.PROC.P5","","","","","","","","","","","","","","","","","","","","","","","","","","","","","","","","","","","","","","","","","","","","","","","","","","","","","","","","","","","","","",
"Noruega","NOR","Cantidad de procedimientos quirúrgicos (por cada 100 000 habitantes)","SH.SGR.PROC.P5","","","","","","","","","","","","","","","","","","","","","","","","","","","","","","","","","","","","","","","","","","","","","","","","","","","","","","","","","","","","","",
"Nepal","NPL","Cantidad de procedimientos quirúrgicos (por cada 100 000 habitantes)","SH.SGR.PROC.P5","","","","","","","","","","","","","","","","","","","","","","","","","","","","","","","","","","","","","","","","","","","","","","","","","","","","209","","","","","","","","","",
"Nauru","NRU","Cantidad de procedimientos quirúrgicos (por cada 100 000 habitantes)","SH.SGR.PROC.P5","","","","","","","","","","","","","","","","","","","","","","","","","","","","","","","","","","","","","","","","","","","","","","","","","","","","","","","","","7130","","","","",
"Nueva Zelandia","NZL","Cantidad de procedimientos quirúrgicos (por cada 100 000 habitantes)","SH.SGR.PROC.P5","","","","","","","","","","","","","","","","","","","","","","","","","","","","","","","","","","","","","","","","","","","","","","","","","","","","","","","","","5308","","","","",
"Miembros OCDE","OED","Cantidad de procedimientos quirúrgicos (por cada 100 000 habitantes)","SH.SGR.PROC.P5","","","","","","","","","","","","","","","","","","","","","","","","","","","","","","","","","","","","","","","","","","","","","","","","","","","","","","","","","","","","","",
"Omán","OMN","Cantidad de procedimientos quirúrgicos (por cada 100 000 habitantes)","SH.SGR.PROC.P5","","","","","","","","","","","","","","","","","","","","","","","","","","","","","","","","","","","","","","","","","","","","","","","","","","","","","","","","2293","","","","","",
"Otros Estados pequeos","OSS","Cantidad de procedimientos quirúrgicos (por cada 100 000 habitantes)","SH.SGR.PROC.P5","","","","","","","","","","","","","","","","","","","","","","","","","","","","","","","","","","","","","","","","","","","","","","","","","","","","","","","","","","","","","",
"Pakistán","PAK","Cantidad de procedimientos quirúrgicos (por cada 100 000 habitantes)","SH.SGR.PROC.P5","","","","","","","","","","","","","","","","","","","","","","","","","","","","","","","","","","","","","","","","","","","","","","","","","","","","","","","","","","","","","",
"Panamá","PAN","Cantidad de procedimientos quirúrgicos (por cada 100 000 habitantes)","SH.SGR.PROC.P5","","","","","","","","","","","","","","","","","","","","","","","","","","","","","","","","","","","","","","","","","","","","","","","","","","","","","","","","","","","","","",
"Perú","PER","Cantidad de procedimientos quirúrgicos (por cada 100 000 habitantes)","SH.SGR.PROC.P5","","","","","","","","","","","","","","","","","","","","","","","","","","","","","","","","","","","","","","","","","","","","","","","","","","","","3005","","","","","","","","","",
"Filipinas","PHL","Cantidad de procedimientos quirúrgicos (por cada 100 000 habitantes)","SH.SGR.PROC.P5","","","","","","","","","","","","","","","","","","","","","","","","","","","","","","","","","","","","","","","","","","","","","","","","","","","","","","","","","","","","","",
"Palau","PLW","Cantidad de procedimientos quirúrgicos (por cada 100 000 habitantes)","SH.SGR.PROC.P5","","","","","","","","","","","","","","","","","","","","","","","","","","","","","","","","","","","","","","","","","","","","","","","","","","","","","","","","","","","","","",
"Papua Nueva Guinea","PNG","Cantidad de procedimientos quirúrgicos (por cada 100 000 habitantes)","SH.SGR.PROC.P5","","","","","","","","","","","","","","","","","","","","","","","","","","","","","","","","","","","","","","","","","","","","","","","","","","","","","","","","","1264","","","","",
"Polonia","POL","Cantidad de procedimientos quirúrgicos (por cada 100 000 habitantes)","SH.SGR.PROC.P5","","","","","","","","","","","","","","","","","","","","","","","","","","","","","","","","","","","","","","","","","","","","","","","","","","","","","","","","","","","","","",
"previa al dividendo demográfico","PRE","Cantidad de procedimientos quirúrgicos (por cada 100 000 habitantes)","SH.SGR.PROC.P5","","","","","","","","","","","","","","","","","","","","","","","","","","","","","","","","","","","","","","","","","","","","","","","","","","","","","","","","","","","","","",
"Puerto Rico","PRI","Cantidad de procedimientos quirúrgicos (por cada 100 000 habitantes)","SH.SGR.PROC.P5","","","","","","","","","","","","","","","","","","","","","","","","","","","","","","","","","","","","","","","","","","","","","","","","","","","","","","","","","","","","","",
"Corea, República Popular Democrática de","PRK","Cantidad de procedimientos quirúrgicos (por cada 100 000 habitantes)","SH.SGR.PROC.P5","","","","","","","","","","","","","","","","","","","","","","","","","","","","","","","","","","","","","","","","","","","","","","","","","","","","","","","","","","","","","",
"Portugal","PRT","Cantidad de procedimientos quirúrgicos (por cada 100 000 habitantes)","SH.SGR.PROC.P5","","","","","","","","","","","","","","","","","","","","","","","","","","","","","","","","","","","","","","","","","","","","","","","","","","","","","","","","","","","","","",
"Paraguay","PRY","Cantidad de procedimientos quirúrgicos (por cada 100 000 habitantes)","SH.SGR.PROC.P5","","","","","","","","","","","","","","","","","","","","","","","","","","","","","","","","","","","","","","","","","","","","","","","","","","","","","","","","","","","","","",
"Ribera Occidental y Gaza","PSE","Cantidad de procedimientos quirúrgicos (por cada 100 000 habitantes)","SH.SGR.PROC.P5","","","","","","","","","","","","","","","","","","","","","","","","","","","","","","","","","","","","","","","","","","","","","","","","","","","","","","","","","","","","","",
"Estados pequeos de las Islas del Pacfico","PSS","Cantidad de procedimientos quirúrgicos (por cada 100 000 habitantes)","SH.SGR.PROC.P5","","","","","","","","","","","","","","","","","","","","","","","","","","","","","","","","","","","","","","","","","","","","","","","","","","","","","","","1515.8789066112","","","","","","",
"posterior al dividendo demográfico","PST","Cantidad de procedimientos quirúrgicos (por cada 100 000 habitantes)","SH.SGR.PROC.P5","","","","","","","","","","","","","","","","","","","","","","","","","","","","","","","","","","","","","","","","","","","","","","","","","","","","","","","","","","","","","",
"Polinesia Francesa","PYF","Cantidad de procedimientos quirúrgicos (por cada 100 000 habitantes)","SH.SGR.PROC.P5","","","","","","","","","","","","","","","","","","","","","","","","","","","","","","","","","","","","","","","","","","","","","","","","","","","","","","","","","","","","","",
"Qatar","QAT","Cantidad de procedimientos quirúrgicos (por cada 100 000 habitantes)","SH.SGR.PROC.P5","","","","","","","","","","","","","","","","","","","","","","","","","","","","","","","","","","","","","","","","","","","","","","","","","","","","","","","","","","","","","",
"Rumania","ROU","Cantidad de procedimientos quirúrgicos (por cada 100 000 habitantes)","SH.SGR.PROC.P5","","","","","","","","","","","","","","","","","","","","","","","","","","","","","","","","","","","","","","","","","","","","","","","","","","","","","","","","","","","","","",
"Federación de Rusia","RUS","Cantidad de procedimientos quirúrgicos (por cada 100 000 habitantes)","SH.SGR.PROC.P5","","","","","","","","","","","","","","","","","","","","","","","","","","","","","","","","","","","","","","","","","","","","","","","","","","","6622","","","","","","","","","","",
"Rwanda","RWA","Cantidad de procedimientos quirúrgicos (por cada 100 000 habitantes)","SH.SGR.PROC.P5","","","","","","","","","","","","","","","","","","","","","","","","","","","","","","","","","","","","","","","","","","","","","","","","","","","","","","","","","","","","","",
"Asia meridional","SAS","Cantidad de procedimientos quirúrgicos (por cada 100 000 habitantes)","SH.SGR.PROC.P5","","","","","","","","","","","","","","","","","","","","","","","","","","","","","","","","","","","","","","","","","","","","","","","","","","","","","","","","","","","","","",
"Arabia Saudita","SAU","Cantidad de procedimientos quirúrgicos (por cada 100 000 habitantes)","SH.SGR.PROC.P5","","","","","","","","","","","","","","","","","","","","","","","","","","","","","","","","","","","","","","","","","","","","","","","","","","","","","3399","","","","","","","","",
"Sudán","SDN","Cantidad de procedimientos quirúrgicos (por cada 100 000 habitantes)","SH.SGR.PROC.P5","","","","","","","","","","","","","","","","","","","","","","","","","","","","","","","","","","","","","","","","","","","","","","","","","","","","","","","","","","","","","",
"Senegal","SEN","Cantidad de procedimientos quirúrgicos (por cada 100 000 habitantes)","SH.SGR.PROC.P5","","","","","","","","","","","","","","","","","","","","","","","","","","","","","","","","","","","","","","","","","","","","","","","","","","","","","","","","","","","","","",
"Singapur","SGP","Cantidad de procedimientos quirúrgicos (por cada 100 000 habitantes)","SH.SGR.PROC.P5","","","","","","","","","","","","","","","","","","","","","","","","","","","","","","","","","","","","","","","","","","","","","","","","","","","","","","","","","","","","","",
"Islas Salomón","SLB","Cantidad de procedimientos quirúrgicos (por cada 100 000 habitantes)","SH.SGR.PROC.P5","","","","","","","","","","","","","","","","","","","","","","","","","","","","","","","","","","","","","","","","","","","","","","","","","","","","","","","","","868","","","","",
"Sierra Leona","SLE","Cantidad de procedimientos quirúrgicos (por cada 100 000 habitantes)","SH.SGR.PROC.P5","","","","","","","","","","","","","","","","","","","","","","","","","","","","","","","","","","","","","","","","","","","","","","","","","","","","","","","","400","","","","","",
"El Salvador","SLV","Cantidad de procedimientos quirúrgicos (por cada 100 000 habitantes)","SH.SGR.PROC.P5","","","","","","","","","","","","","","","","","","","","","","","","","","","","","","","","","","","","","","","","","","","","","","","","","","","","","","","","","","","","","",
"San Marino","SMR","Cantidad de procedimientos quirúrgicos (por cada 100 000 habitantes)","SH.SGR.PROC.P5","","","","","","","","","","","","","","","","","","","","","","","","","","","","","","","","","","","","","","","","","","","","","","","","","","","","","","","","5145","","","","","",
"Somalia","SOM","Cantidad de procedimientos quirúrgicos (por cada 100 000 habitantes)","SH.SGR.PROC.P5","","","","","","","","","","","","","","","","","","","","","","","","","","","","","","","","","","","","","","","","","","","","","","","","","","","","","","","","","","","","","",
"Serbia","SRB","Cantidad de procedimientos quirúrgicos (por cada 100 000 habitantes)","SH.SGR.PROC.P5","","","","","","","","","","","","","","","","","","","","","","","","","","","","","","","","","","","","","","","","","","","","","","","","","","","","","","","","","","","","","",
"África al sur del Sahara (excluido altos ingresos)","SSA","Cantidad de procedimientos quirúrgicos (por cada 100 000 habitantes)","SH.SGR.PROC.P5","","","","","","","","","","","","","","","","","","","","","","","","","","","","","","","","","","","","","","","","","","","","","","","","","","","","","","","","","","","","","",
"Sudán del Sur","SSD","Cantidad de procedimientos quirúrgicos (por cada 100 000 habitantes)","SH.SGR.PROC.P5","","","","","","","","","","","","","","","","","","","","","","","","","","","","","","","","","","","","","","","","","","","","","","","","","","","","","","","268","","","","","","",
"África al sur del Sahara","SSF","Cantidad de procedimientos quirúrgicos (por cada 100 000 habitantes)","SH.SGR.PROC.P5","","","","","","","","","","","","","","","","","","","","","","","","","","","","","","","","","","","","","","","","","","","","","","","","","","","","","","","","","","","","","",
"Pequeños Estados","SST","Cantidad de procedimientos quirúrgicos (por cada 100 000 habitantes)","SH.SGR.PROC.P5","","","","","","","","","","","","","","","","","","","","","","","","","","","","","","","","","","","","","","","","","","","","","","","","","","","","","","","","","","","","","",
"Santo Tomé y Príncipe","STP","Cantidad de procedimientos quirúrgicos (por cada 100 000 habitantes)","SH.SGR.PROC.P5","","","","","","","","","","","","","","","","","","","","","","","","","","","","","","","","","","","","","","","","","","","","","","","","","","","","","","","","","","","","","",
"Suriname","SUR","Cantidad de procedimientos quirúrgicos (por cada 100 000 habitantes)","SH.SGR.PROC.P5","","","","","","","","","","","","","","","","","","","","","","","","","","","","","","","","","","","","","","","","","","","","","","","","","","","","","","","","","","","","","",
"República Eslovaca","SVK","Cantidad de procedimientos quirúrgicos (por cada 100 000 habitantes)","SH.SGR.PROC.P5","","","","","","","","","","","","","","","","","","","","","","","","","","","","","","","","","","","","","","","","","","","","","","","","","","","","","","","","","","","","","",
"Eslovenia","SVN","Cantidad de procedimientos quirúrgicos (por cada 100 000 habitantes)","SH.SGR.PROC.P5","","","","","","","","","","","","","","","","","","","","","","","","","","","","","","","","","","","","","","","","","","","","","","","","","","","","","","","","","","","","","",
"Suecia","SWE","Cantidad de procedimientos quirúrgicos (por cada 100 000 habitantes)","SH.SGR.PROC.P5","","","","","","","","","","","","","","","","","","","","","","","","","","","","","","","","","","","","","","","","","","","","","","","","","","","","","","","15228","","","","","","",
"Eswatini","SWZ","Cantidad de procedimientos quirúrgicos (por cada 100 000 habitantes)","SH.SGR.PROC.P5","","","","","","","","","","","","","","","","","","","","","","","","","","","","","","","","","","","","","","","","","","","","","","","","","","","","","","","","","","","","","",
"Sint Maarten (Dutch part)","SXM","Cantidad de procedimientos quirúrgicos (por cada 100 000 habitantes)","SH.SGR.PROC.P5","","","","","","","","","","","","","","","","","","","","","","","","","","","","","","","","","","","","","","","","","","","","","","","","","","","","","","","","","","","","","",
"Seychelles","SYC","Cantidad de procedimientos quirúrgicos (por cada 100 000 habitantes)","SH.SGR.PROC.P5","","","","","","","","","","","","","","","","","","","","","","","","","","","","","","","","","","","","","","","","","","","","","","","","","","","","","4268","","","","","","","","",
"República Árabe Siria","SYR","Cantidad de procedimientos quirúrgicos (por cada 100 000 habitantes)","SH.SGR.PROC.P5","","","","","","","","","","","","","","","","","","","","","","","","","","","","","","","","","","","","","","","","","","","","","","","","","","","","","","","","","","","","","",
"Islas Turcas y Caicos","TCA","Cantidad de procedimientos quirúrgicos (por cada 100 000 habitantes)","SH.SGR.PROC.P5","","","","","","","","","","","","","","","","","","","","","","","","","","","","","","","","","","","","","","","","","","","","","","","","","","","","","","","","","","","","","",
"Chad","TCD","Cantidad de procedimientos quirúrgicos (por cada 100 000 habitantes)","SH.SGR.PROC.P5","","","","","","","","","","","","","","","","","","","","","","","","","","","","","","","","","","","","","","","","","","","","","","","","","","","","","52","","","","","","","","",
"Asia oriental y el Pacífico (BIRF y la AIF)","TEA","Cantidad de procedimientos quirúrgicos (por cada 100 000 habitantes)","SH.SGR.PROC.P5","","","","","","","","","","","","","","","","","","","","","","","","","","","","","","","","","","","","","","","","","","","","","","","","","","","","","","","2725.24990977858","","","","","","",
"Europa y Asia central (BIRF y la AIF)","TEC","Cantidad de procedimientos quirúrgicos (por cada 100 000 habitantes)","SH.SGR.PROC.P5","","","","","","","","","","","","","","","","","","","","","","","","","","","","","","","","","","","","","","","","","","","","","","","","","","","","","","","","","","","","","",
"Togo","TGO","Cantidad de procedimientos quirúrgicos (por cada 100 000 habitantes)","SH.SGR.PROC.P5","","","","","","","","","","","","","","","","","","","","","","","","","","","","","","","","","","","","","","","","","","","","","","","","","","","","","","","","","","","","","",
"Tailandia","THA","Cantidad de procedimientos quirúrgicos (por cada 100 000 habitantes)","SH.SGR.PROC.P5","","","","","","","","","","","","","","","","","","","","","","","","","","","","","","","","","","","","","","","","","","","","","","","","","","","","","","","","","","","","","",
"Tayikistán","TJK","Cantidad de procedimientos quirúrgicos (por cada 100 000 habitantes)","SH.SGR.PROC.P5","","","","","","","","","","","","","","","","","","","","","","","","","","","","","","","","","","","","","","","","","","","","","","","","","","","","","","","","1691","","","","","",
"Turkmenistán","TKM","Cantidad de procedimientos quirúrgicos (por cada 100 000 habitantes)","SH.SGR.PROC.P5","","","","","","","","","","","","","","","","","","","","","","","","","","","","","","","","","","","","","","","","","","","","","","","","","","","","","","","","2698","","","","","",
"América Latina y el Caribe (BIRF y la AIF)","TLA","Cantidad de procedimientos quirúrgicos (por cada 100 000 habitantes)","SH.SGR.PROC.P5","","","","","","","","","","","","","","","","","","","","","","","","","","","","","","","","","","","","","","","","","","","","","","","","","","","","","","","10136.8883833356","","","","","","",
"Timor-Leste","TLS","Cantidad de procedimientos quirúrgicos (por cada 100 000 habitantes)","SH.SGR.PROC.P5","","","","","","","","","","","","","","","","","","","","","","","","","","","","","","","","","","","","","","","","","","","","","","","","","","","","","","","","","433","","","","",
"Oriente Medio y Norte de África (BIRF y la AIF)","TMN","Cantidad de procedimientos quirúrgicos (por cada 100 000 habitantes)","SH.SGR.PROC.P5","","","","","","","","","","","","","","","","","","","","","","","","","","","","","","","","","","","","","","","","","","","","","","","","","","","","","","","","","","","","","",
"Tonga","TON","Cantidad de procedimientos quirúrgicos (por cada 100 000 habitantes)","SH.SGR.PROC.P5","","","","","","","","","","","","","","","","","","","","","","","","","","","","","","","","","","","","","","","","","","","","","","","","","","","","","","","","","5061","","","","",
"Asia meridional (BIRF y la AIF)","TSA","Cantidad de procedimientos quirúrgicos (por cada 100 000 habitantes)","SH.SGR.PROC.P5","","","","","","","","","","","","","","","","","","","","","","","","","","","","","","","","","","","","","","","","","","","","","","","","","","","","","","","","","","","","","",
"África al sur del Sahara (BIRF y la AIF)","TSS","Cantidad de procedimientos quirúrgicos (por cada 100 000 habitantes)","SH.SGR.PROC.P5","","","","","","","","","","","","","","","","","","","","","","","","","","","","","","","","","","","","","","","","","","","","","","","","","","","","","","","","","","","","","",
"Trinidad y Tobago","TTO","Cantidad de procedimientos quirúrgicos (por cada 100 000 habitantes)","SH.SGR.PROC.P5","","","","","","","","","","","","","","","","","","","","","","","","","","","","","","","","","","","","","","","","","","","","","","","","","","","","","","","","","","","","","",
"Túnez","TUN","Cantidad de procedimientos quirúrgicos (por cada 100 000 habitantes)","SH.SGR.PROC.P5","","","","","","","","","","","","","","","","","","","","","","","","","","","","","","","","","","","","","","","","","","","","","","","","","","","","","","","","","","","","","",
"Turquía","TUR","Cantidad de procedimientos quirúrgicos (por cada 100 000 habitantes)","SH.SGR.PROC.P5","","","","","","","","","","","","","","","","","","","","","","","","","","","","","","","","","","","","","","","","","","","","","","","","","","","","","","","","","","","","","",
"Tuvalu","TUV","Cantidad de procedimientos quirúrgicos (por cada 100 000 habitantes)","SH.SGR.PROC.P5","","","","","","","","","","","","","","","","","","","","","","","","","","","","","","","","","","","","","","","","","","","","","","","","","","","","","","","","","3417","","","","",
"Tanzanía","TZA","Cantidad de procedimientos quirúrgicos (por cada 100 000 habitantes)","SH.SGR.PROC.P5","","","","","","","","","","","","","","","","","","","","","","","","","","","","","","","","","","","","","","","","","","","","","","","","","","","","","","","","","","","","","",
"Uganda","UGA","Cantidad de procedimientos quirúrgicos (por cada 100 000 habitantes)","SH.SGR.PROC.P5","","","","","","","","","","","","","","","","","","","","","","","","","","","","","","","","","","","","","","","","","","","","","","","","","","","","248","","","","","","","","","",
"Ucrania","UKR","Cantidad de procedimientos quirúrgicos (por cada 100 000 habitantes)","SH.SGR.PROC.P5","","","","","","","","","","","","","","","","","","","","","","","","","","","","","","","","","","","","","","","","","","","","","","","","","","","","","","","","","","","","","",
"Ingreso mediano alto","UMC","Cantidad de procedimientos quirúrgicos (por cada 100 000 habitantes)","SH.SGR.PROC.P5","","","","","","","","","","","","","","","","","","","","","","","","","","","","","","","","","","","","","","","","","","","","","","","","","","","","","","","4667.10113882168","","","","","","",
"Uruguay","URY","Cantidad de procedimientos quirúrgicos (por cada 100 000 habitantes)","SH.SGR.PROC.P5","","","","","","","","","","","","","","","","","","","","","","","","","","","","","","","","","","","","","","","","","","","","","","","","","","","","","","","","","","","","","",
"Estados Unidos","USA","Cantidad de procedimientos quirúrgicos (por cada 100 000 habitantes)","SH.SGR.PROC.P5","","","","","","","","","","","","","","","","","","","","","","","","","","","","","","","","","","","","","","","","","","","","","","","","","","","","","","","","","","","","","",
"Uzbekistán","UZB","Cantidad de procedimientos quirúrgicos (por cada 100 000 habitantes)","SH.SGR.PROC.P5","","","","","","","","","","","","","","","","","","","","","","","","","","","","","","","","","","","","","","","","","","","","","","","","","","","","","","","","2584","","","","","",
"San Vicente y las Granadinas","VCT","Cantidad de procedimientos quirúrgicos (por cada 100 000 habitantes)","SH.SGR.PROC.P5","","","","","","","","","","","","","","","","","","","","","","","","","","","","","","","","","","","","","","","","","","","","","","","","","","","","","","","","2509","","","","","",
"Venezuela","VEN","Cantidad de procedimientos quirúrgicos (por cada 100 000 habitantes)","SH.SGR.PROC.P5","","","","","","","","","","","","","","","","","","","","","","","","","","","","","","","","","","","","","","","","","","","","","","","","","","","","","","","","","","","","","",
"Islas Vírgenes Británicas","VGB","Cantidad de procedimientos quirúrgicos (por cada 100 000 habitantes)","SH.SGR.PROC.P5","","","","","","","","","","","","","","","","","","","","","","","","","","","","","","","","","","","","","","","","","","","","","","","","","","","","","","","","","","","","","",
"Islas Vírgenes (EE.UU.)","VIR","Cantidad de procedimientos quirúrgicos (por cada 100 000 habitantes)","SH.SGR.PROC.P5","","","","","","","","","","","","","","","","","","","","","","","","","","","","","","","","","","","","","","","","","","","","","","","","","","","","","","","","","","","","","",
"Viet Nam","VNM","Cantidad de procedimientos quirúrgicos (por cada 100 000 habitantes)","SH.SGR.PROC.P5","","","","","","","","","","","","","","","","","","","","","","","","","","","","","","","","","","","","","","","","","","","","","","","","","","","","","","","","","","","","","",
"Vanuatu","VUT","Cantidad de procedimientos quirúrgicos (por cada 100 000 habitantes)","SH.SGR.PROC.P5","","","","","","","","","","","","","","","","","","","","","","","","","","","","","","","","","","","","","","","","","","","","","","","","","","","","","","","","","1277","","","","",
"Mundo","WLD","Cantidad de procedimientos quirúrgicos (por cada 100 000 habitantes)","SH.SGR.PROC.P5","","","","","","","","","","","","","","","","","","","","","","","","","","","","","","","","","","","","","","","","","","","","","","","","","","","","","","","","","","","","","",
"Samoa","WSM","Cantidad de procedimientos quirúrgicos (por cada 100 000 habitantes)","SH.SGR.PROC.P5","","","","","","","","","","","","","","","","","","","","","","","","","","","","","","","","","","","","","","","","","","","","","","","","","","","","","","","","","1552","","","","",
"Kosovo","XKX","Cantidad de procedimientos quirúrgicos (por cada 100 000 habitantes)","SH.SGR.PROC.P5","","","","","","","","","","","","","","","","","","","","","","","","","","","","","","","","","","","","","","","","","","","","","","","","","","","","","","","1558","","","","","","",
"Yemen, Rep. del","YEM","Cantidad de procedimientos quirúrgicos (por cada 100 000 habitantes)","SH.SGR.PROC.P5","","","","","","","","","","","","","","","","","","","","","","","","","","","","","","","","","","","","","","","","","","","","","","","","","","","","","","","158","","","","","","",
"Sudáfrica","ZAF","Cantidad de procedimientos quirúrgicos (por cada 100 000 habitantes)","SH.SGR.PROC.P5","","","","","","","","","","","","","","","","","","","","","","","","","","","","","","","","","","","","","","","","","","","","","","","","","","","","","","","","","","","","","",
"Zambia","ZMB","Cantidad de procedimientos quirúrgicos (por cada 100 000 habitantes)","SH.SGR.PROC.P5","","","","","","","","","","","","","","","","","","","","","","","","","","","","","","","","","","","","","","","","","","","","","","","","","","","","","","","","","","","","","",
"Zimbabwe","ZWE","Cantidad de procedimientos quirúrgicos (por cada 100 000 habitantes)","SH.SGR.PROC.P5","","","","","","","","","","","","","","","","","","","","","","","","","","","","","","","","","","","","","","","","","","","","","","","","","","","","","","","","","","","","","",
